URL,positive_score,negative_score,polarity_score,subjectivity_score,avg_sentence_length,percentage_complex_words,fog_index,avg_word_per_sentence,complex_word_count,total_words,syllable_count_per_word,personal_pronouns,avg_word_length
https://insights.blackcoffer.com/ai-in-healthcare-to-improve-patient-outcomes/,76,33,0.39,0.1,15.07,0.35,6.17,15.07,387,1100,2.21,0,7.03
https://insights.blackcoffer.com/what-if-the-creation-is-taking-over-the-creator/,65,37,0.27,0.14,9.87,0.26,4.05,9.87,197,750,2.01,0,6.33
https://insights.blackcoffer.com/what-jobs-will-robots-take-from-humans-in-the-future/,72,33,0.37,0.11,12.15,0.35,5.0,12.15,352,996,2.26,1,7.09
https://insights.blackcoffer.com/will-machine-replace-the-human-in-the-future-of-work/,71,24,0.49,0.11,9.52,0.27,3.92,9.52,239,876,2.02,0,6.22
https://insights.blackcoffer.com/will-ai-replace-us-or-work-with-us/,55,22,0.43,0.08,14.23,0.32,5.82,14.23,295,911,2.15,3,6.66
https://insights.blackcoffer.com/man-and-machines-together-machines-are-more-diligent-than-humans-blackcoffe/,53,23,0.39,0.12,12.36,0.3,5.06,12.36,195,655,2.08,7,6.55
https://insights.blackcoffer.com/in-future-or-in-upcoming-years-humans-and-machines-are-going-to-work-together-in-every-field-of-work/,27,12,0.38,0.1,9.09,0.3,3.76,9.09,121,400,2.12,0,6.55
https://insights.blackcoffer.com/how-neural-networks-can-be-applied-in-various-areas-in-the-future/,0,1,-1.0,1.0,1.0,0.0,0.4,1.0,0,1,2.0,0,5.0
https://insights.blackcoffer.com/how-machine-learning-will-affect-your-business/,42,13,0.53,0.14,11.14,0.22,4.54,11.14,85,390,1.85,0,6.09
https://insights.blackcoffer.com/deep-learning-impact-on-areas-of-e-learning/,77,40,0.32,0.1,15.14,0.31,6.18,15.14,360,1166,2.08,5,6.45
https://insights.blackcoffer.com/how-to-protect-future-data-and-its-privacy-blackcoffer/,55,60,-0.04,0.11,11.91,0.28,4.88,11.91,296,1060,1.95,0,6.55
https://insights.blackcoffer.com/how-machines-ai-automations-and-robo-human-are-effective-in-finance-and-banking/,44,19,0.4,0.09,11.75,0.37,4.85,11.75,247,670,2.24,1,7.07
https://insights.blackcoffer.com/ai-human-robotics-machine-future-planet-blackcoffer-thinking-jobs-workplace/,34,24,0.17,0.08,9.09,0.28,3.75,9.09,201,727,1.95,1,6.27
https://insights.blackcoffer.com/how-ai-will-change-the-world-blackcoffer/,68,24,0.48,0.12,12.97,0.27,5.3,12.97,217,791,2.12,1,6.62
https://insights.blackcoffer.com/future-of-work-how-ai-has-entered-the-workplace/,0,1,-1.0,1.0,1.0,0.0,0.4,1.0,0,1,2.0,0,5.0
https://insights.blackcoffer.com/ai-tool-alexa-google-assistant-finance-banking-tool-future/,28,0,1.0,0.1,13.76,0.38,5.66,13.76,110,289,2.27,0,7.06
https://insights.blackcoffer.com/ai-healthcare-revolution-ml-technology-algorithm-google-analytics-industrialrevolution/,99,39,0.43,0.16,98.33,0.29,39.45,98.33,260,885,2.09,1,6.48
https://insights.blackcoffer.com/all-you-need-to-know-about-online-marketing/,27,0,1.0,0.07,8.89,0.37,3.7,8.89,150,409,2.14,0,6.64
https://insights.blackcoffer.com/evolution-of-advertising-industry/,15,6,0.43,0.05,10.21,0.44,4.26,10.21,169,388,2.36,0,7.34
https://insights.blackcoffer.com/how-data-analytics-can-help-your-business-respond-to-the-impact-of-covid-19/,2,3,-0.2,0.05,15.33,0.36,6.28,15.33,33,92,2.24,0,6.83
https://insights.blackcoffer.com/covid-19-environmental-impact-for-the-future/,0,1,-1.0,1.0,1.0,0.0,0.4,1.0,0,1,2.0,0,5.0
https://insights.blackcoffer.com/environmental-impact-of-the-covid-19-pandemic-lesson-for-the-future/,35,66,-0.31,0.13,14.02,0.3,5.73,14.02,229,757,2.09,0,6.7
https://insights.blackcoffer.com/how-data-analytics-and-ai-are-used-to-halt-the-covid-19-pandemic/,21,14,0.2,0.09,14.04,0.32,5.74,14.04,127,393,2.09,0,6.51
https://insights.blackcoffer.com/difference-between-artificial-intelligence-machine-learning-statistics-and-data-mining/,72,37,0.32,0.11,9.17,0.3,3.79,9.17,303,999,2.06,1,6.39
https://insights.blackcoffer.com/how-python-became-the-first-choice-for-data-science/,52,3,0.89,0.15,8.49,0.34,3.53,8.49,124,365,2.21,1,6.79
https://insights.blackcoffer.com/how-google-fit-measure-heart-and-respiratory-rates-using-a-phone/,7,1,0.75,0.04,13.5,0.21,5.48,13.5,45,216,1.76,0,6.17
https://insights.blackcoffer.com/what-is-the-future-of-mobile-apps/,23,8,0.48,0.07,12.76,0.26,5.21,12.76,111,434,1.93,3,6.14
https://insights.blackcoffer.com/impact-of-ai-in-health-and-medicine/,14,8,0.27,0.08,13.68,0.36,5.62,13.68,93,260,2.17,0,6.65
https://insights.blackcoffer.com/telemedicine-what-patients-like-and-dislike-about-it/,19,8,0.41,0.14,7.33,0.32,3.06,7.33,64,198,2.3,0,6.94
https://insights.blackcoffer.com/how-we-forecast-future-technologies/,6,0,1.0,0.07,10.22,0.35,4.23,10.22,32,92,2.41,0,7.12
https://insights.blackcoffer.com/can-robots-tackle-late-life-loneliness/,26,33,-0.12,0.14,7.78,0.23,3.2,7.78,98,428,1.92,6,6.05
https://insights.blackcoffer.com/embedding-care-robots-into-society-socio-technical-considerations/,11,2,0.69,0.13,12.25,0.21,4.98,12.25,21,98,1.9,0,5.96
https://insights.blackcoffer.com/management-challenges-for-future-digitalization-of-healthcare-services/,38,11,0.55,0.13,12.61,0.33,5.18,12.61,128,391,2.15,0,7.15
https://insights.blackcoffer.com/are-we-any-closer-to-preventing-a-nuclear-holocaust/,2,6,-0.5,0.11,14.6,0.27,5.95,14.6,20,73,1.78,0,5.81
https://insights.blackcoffer.com/will-technology-eliminate-the-need-for-animal-testing-in-drug-development/,9,25,-0.47,0.19,10.11,0.27,4.15,10.11,50,182,2.0,1,6.16
https://insights.blackcoffer.com/will-we-ever-understand-the-nature-of-consciousness/,31,48,-0.22,0.08,13.31,0.38,5.48,13.31,362,958,2.21,0,7.17
https://insights.blackcoffer.com/will-we-ever-colonize-outer-space/,56,21,0.45,0.09,14.13,0.27,5.76,14.13,239,876,1.96,2,6.39
https://insights.blackcoffer.com/what-is-the-chance-homo-sapiens-will-survive-for-the-next-500-years/,47,24,0.32,0.09,9.73,0.27,4.0,9.73,212,798,1.92,1,6.23
https://insights.blackcoffer.com/why-does-your-business-need-a-chatbot/,26,7,0.58,0.08,6.35,0.26,2.64,6.35,104,400,1.89,1,6.22
https://insights.blackcoffer.com/how-you-lead-a-project-or-a-team-without-any-technical-expertise/,49,8,0.72,0.08,10.69,0.26,4.38,10.69,179,684,1.91,1,6.26
https://insights.blackcoffer.com/can-you-be-great-leader-without-technical-expertise/,35,6,0.71,0.17,14.69,0.34,6.01,14.69,80,235,2.06,0,6.38
https://insights.blackcoffer.com/how-does-artificial-intelligence-affect-the-environment/,47,15,0.52,0.07,12.99,0.31,5.32,12.99,281,896,2.11,0,6.64
https://insights.blackcoffer.com/how-to-overcome-your-fear-of-making-mistakes-2/,32,66,-0.35,0.2,7.28,0.23,3.0,7.28,113,502,1.86,5,6.1
https://insights.blackcoffer.com/is-perfection-the-greatest-enemy-of-productivity/,62,22,0.48,0.15,7.59,0.22,3.12,7.59,129,577,1.8,0,5.92
https://insights.blackcoffer.com/global-financial-crisis-2008-causes-effects-and-its-solution/,18,26,-0.18,0.08,13.4,0.23,5.45,13.4,129,563,1.82,0,6.05
https://insights.blackcoffer.com/gender-diversity-and-equality-in-the-tech-industry/,29,22,0.14,0.08,10.02,0.34,4.14,10.02,203,601,2.22,1,6.74
https://insights.blackcoffer.com/how-to-overcome-your-fear-of-making-mistakes/,32,72,-0.38,0.2,7.42,0.23,3.06,7.42,121,527,1.87,5,6.13
https://insights.blackcoffer.com/how-small-business-can-survive-the-coronavirus-crisis/,24,8,0.5,0.09,13.84,0.32,5.66,13.84,111,346,2.05,0,6.31
https://insights.blackcoffer.com/impacts-of-covid-19-on-vegetable-vendors-and-food-stalls/,9,6,0.2,0.1,13.91,0.3,5.68,13.91,46,153,2.07,0,6.58
https://insights.blackcoffer.com/impacts-of-covid-19-on-vegetable-vendors/,25,18,0.16,0.1,17.29,0.32,7.04,17.29,131,415,2.15,0,6.87
https://insights.blackcoffer.com/impact-of-covid-19-pandemic-on-tourism-aviation-industries/,28,32,-0.07,0.09,11.65,0.31,4.78,11.65,196,641,2.01,0,6.58
https://insights.blackcoffer.com/impact-of-covid-19-pandemic-on-sports-events-around-the-world/,21,10,0.35,0.02,9.35,0.2,3.82,9.35,400,1983,1.81,0,6.13
https://insights.blackcoffer.com/changing-landscape-and-emerging-trends-in-the-indian-it-ites-industry/,39,50,-0.12,0.1,11.22,0.31,4.61,11.22,288,920,2.06,1,6.66
https://insights.blackcoffer.com/online-gaming-adolescent-online-gaming-effects-demotivated-depression-musculoskeletal-and-psychosomatic-symptoms/,28,61,-0.37,0.1,15.17,0.4,6.23,15.17,360,895,2.27,0,6.96
https://insights.blackcoffer.com/human-rights-outlook/,0,1,-1.0,1.0,1.0,0.0,0.4,1.0,0,1,2.0,0,5.0
https://insights.blackcoffer.com/how-voice-search-makes-your-business-a-successful-business/,0,1,-1.0,1.0,1.0,0.0,0.4,1.0,0,1,2.0,0,5.0
https://insights.blackcoffer.com/how-the-covid-19-crisis-is-redefining-jobs-and-services/,44,33,0.14,0.08,8.14,0.32,3.38,8.14,311,961,2.06,1,6.39
https://insights.blackcoffer.com/how-to-increase-social-media-engagement-for-marketers/,49,14,0.56,0.07,10.84,0.3,4.46,10.84,274,921,1.93,1,6.41
https://insights.blackcoffer.com/impacts-of-covid-19-on-streets-sides-food-stalls/,36,30,0.09,0.11,12.89,0.26,5.26,12.89,157,593,1.94,0,6.37
https://insights.blackcoffer.com/coronavirus-impact-on-energy-markets-2/,17,41,-0.41,0.06,16.23,0.37,6.64,16.23,343,925,2.23,0,6.89
https://insights.blackcoffer.com/coronavirus-impact-on-the-hospitality-industry-5/,19,42,-0.38,0.12,10.85,0.31,4.46,10.85,158,510,2.13,0,6.63
https://insights.blackcoffer.com/lessons-from-the-past-some-key-learnings-relevant-to-the-coronavirus-crisis-4/,41,43,-0.02,0.13,9.26,0.29,3.82,9.26,187,648,2.02,10,6.34
https://insights.blackcoffer.com/estimating-the-impact-of-covid-19-on-the-world-of-work-2/,28,26,0.04,0.09,16.16,0.32,6.59,16.16,193,598,2.13,0,6.52
https://insights.blackcoffer.com/estimating-the-impact-of-covid-19-on-the-world-of-work-3/,0,1,-1.0,1.0,1.0,0.0,0.4,1.0,0,1,2.0,0,5.0
https://insights.blackcoffer.com/travel-and-tourism-outlook/,6,3,0.33,0.11,8.4,0.25,3.46,8.4,21,84,1.92,0,6.0
https://insights.blackcoffer.com/gaming-disorder-and-effects-of-gaming-on-health/,30,42,-0.17,0.12,11.28,0.28,4.62,11.28,166,598,1.98,2,6.34
https://insights.blackcoffer.com/what-is-the-repercussion-of-the-environment-due-to-the-covid-19-pandemic-situation/,11,25,-0.39,0.11,9.79,0.28,4.03,9.79,93,333,2.0,0,6.48
https://insights.blackcoffer.com/what-is-the-repercussion-of-the-environment-due-to-the-covid-19-pandemic-situation-2/,29,55,-0.31,0.13,13.02,0.35,5.35,13.02,223,638,2.19,0,6.83
https://insights.blackcoffer.com/impact-of-covid-19-pandemic-on-office-space-and-co-working-industries/,31,34,-0.05,0.13,14.17,0.29,5.78,14.17,150,510,1.99,0,6.35
https://insights.blackcoffer.com/contribution-of-handicrafts-visual-arts-literature-in-the-indian-economy/,1,0,1.0,0.01,18.0,0.37,7.35,18.0,33,90,2.09,0,6.47
https://insights.blackcoffer.com/how-covid-19-is-impacting-payment-preferences/,0,1,-1.0,1.0,1.0,0.0,0.4,1.0,0,1,2.0,0,5.0
https://insights.blackcoffer.com/how-will-covid-19-affect-the-world-of-work-2/,0,1,-1.0,1.0,1.0,0.0,0.4,1.0,0,1,2.0,0,5.0
https://insights.blackcoffer.com/lessons-from-the-past-some-key-learnings-relevant-to-the-coronavirus-crisis/,33,22,0.2,0.17,11.1,0.17,4.51,11.1,57,333,1.67,7,5.59
https://insights.blackcoffer.com/covid-19-how-have-countries-been-responding/,9,36,-0.6,0.08,12.3,0.32,5.05,12.3,179,566,2.04,0,6.7
https://insights.blackcoffer.com/coronavirus-impact-on-the-hospitality-industry-2/,21,31,-0.19,0.09,10.71,0.34,4.42,10.71,192,557,2.16,0,6.89
https://insights.blackcoffer.com/how-will-covid-19-affect-the-world-of-work-3/,0,1,-1.0,1.0,1.0,0.0,0.4,1.0,0,1,2.0,0,5.0
https://insights.blackcoffer.com/coronavirus-impact-on-the-hospitality-industry-3/,20,21,-0.02,0.09,13.38,0.31,5.48,13.38,143,455,2.08,3,6.51
https://insights.blackcoffer.com/estimating-the-impact-of-covid-19-on-the-world-of-work/,46,46,0.0,0.11,12.1,0.29,4.96,12.1,240,835,1.99,1,6.42
https://insights.blackcoffer.com/covid-19-how-have-countries-been-responding-2/,22,38,-0.27,0.07,15.12,0.34,6.18,15.12,295,862,2.1,2,6.65
https://insights.blackcoffer.com/how-will-covid-19-affect-the-world-of-work-4/,27,24,0.06,0.12,43.9,0.15,17.62,43.9,67,439,1.6,9,5.36
https://insights.blackcoffer.com/lessons-from-the-past-some-key-learnings-relevant-to-the-coronavirus-crisis-2/,42,62,-0.19,0.11,14.66,0.29,5.98,14.66,274,938,2.04,3,6.65
https://insights.blackcoffer.com/lessons-from-the-past-some-key-learnings-relevant-to-the-coronavirus-crisis-3/,46,53,-0.07,0.15,8.31,0.18,3.4,8.31,115,640,1.74,1,5.82
https://insights.blackcoffer.com/coronavirus-impact-on-the-hospitality-industry-4/,8,14,-0.27,0.12,12.07,0.43,5.0,12.07,78,181,2.39,0,7.17
https://insights.blackcoffer.com/why-scams-like-nirav-modi-happen-with-indian-banks/,45,87,-0.32,0.1,14.97,0.31,6.11,14.97,399,1302,1.97,1,6.56
https://insights.blackcoffer.com/impact-of-covid-19-on-the-global-economy/,52,60,-0.07,0.14,12.11,0.22,4.93,12.11,167,775,1.81,17,5.85
https://insights.blackcoffer.com/impact-of-covid-19coronavirus-on-the-indian-economy-2/,39,60,-0.21,0.11,10.63,0.29,4.37,10.63,246,861,2.01,5,6.35
https://insights.blackcoffer.com/impact-of-covid-19-on-the-global-economy-2/,44,76,-0.27,0.13,12.88,0.29,5.27,12.88,261,889,2.05,3,6.51
https://insights.blackcoffer.com/impact-of-covid-19-coronavirus-on-the-indian-economy-3/,26,37,-0.17,0.12,10.41,0.31,4.29,10.41,159,510,2.05,1,6.5
https://insights.blackcoffer.com/should-celebrities-be-allowed-to-join-politics/,58,18,0.53,0.08,15.92,0.35,6.51,15.92,339,955,2.14,0,6.89
https://insights.blackcoffer.com/how-prepared-is-india-to-tackle-a-possible-covid-19-outbreak/,18,23,-0.12,0.09,13.97,0.32,5.72,13.97,143,447,2.15,1,6.68
https://insights.blackcoffer.com/how-will-covid-19-affect-the-world-of-work/,39,81,-0.35,0.17,13.81,0.31,5.65,13.81,222,718,2.17,1,6.77
https://insights.blackcoffer.com/controversy-as-a-marketing-strategy/,7,15,-0.36,0.14,10.86,0.29,4.46,10.86,44,152,1.97,1,6.46
https://insights.blackcoffer.com/coronavirus-impact-on-the-hospitality-industry/,8,7,0.07,0.06,12.24,0.32,5.02,12.24,82,257,2.11,1,6.51
https://insights.blackcoffer.com/coronavirus-impact-on-energy-markets/,24,59,-0.42,0.09,19.0,0.25,7.7,19.0,237,950,1.93,0,6.53
https://insights.blackcoffer.com/what-are-the-key-policies-that-will-mitigate-the-impacts-of-covid-19-on-the-world-of-work/,93,30,0.51,0.13,14.19,0.33,5.81,14.19,315,965,2.1,0,6.72
https://insights.blackcoffer.com/marketing-drives-results-with-a-focus-on-problems/,26,19,0.16,0.07,11.64,0.29,4.77,11.64,187,652,2.02,1,6.3
https://insights.blackcoffer.com/continued-demand-for-sustainability/,22,14,0.22,0.11,13.15,0.42,5.43,13.15,143,342,2.37,0,7.16
https://insights.blackcoffer.com/coronavirus-disease-covid-19-effect-the-impact-and-role-of-mass-media-during-the-pandemic/,8,10,-0.11,0.1,14.0,0.36,5.74,14.0,65,182,2.23,0,6.96
https://insights.blackcoffer.com/should-people-wear-fabric-gloves-seeking-evidence-regarding-the-differential-transfer-of-covid-19-or-coronaviruses-generally-between-surfaces/,10,7,0.18,0.1,11.86,0.14,4.8,11.86,23,166,1.61,5,5.67
https://insights.blackcoffer.com/why-is-there-a-severe-immunological-and-inflammatory-explosion-in-those-affected-by-sarms-covid-19/,1,14,-0.87,0.09,8.2,0.3,3.4,8.2,50,164,2.12,2,6.77
https://insights.blackcoffer.com/what-do-you-think-is-the-lesson-or-lessons-to-be-learned-with-covid-19/,5,7,-0.17,0.11,15.14,0.28,6.17,15.14,30,106,2.03,0,6.24
https://insights.blackcoffer.com/coronavirus-the-unexpected-challenge-for-the-european-union/,6,10,-0.25,0.13,8.79,0.38,3.67,8.79,47,123,2.12,1,6.63
https://insights.blackcoffer.com/industrial-revolution-4-0-pros-and-cons/,5,2,0.43,0.08,11.25,0.43,4.67,11.25,39,90,2.3,0,6.92
https://insights.blackcoffer.com/impact-of-covid-19-coronavirus-on-the-indian-economy/,19,50,-0.45,0.14,13.94,0.31,5.7,13.94,155,502,2.04,0,6.49
https://insights.blackcoffer.com/impact-of-covid-19-coronavirus-on-the-indian-economy-2/,9,16,-0.28,0.11,15.07,0.28,6.14,15.07,63,226,2.01,0,6.34
https://insights.blackcoffer.com/impact-of-covid-19coronavirus-on-the-indian-economy/,42,54,-0.12,0.11,12.58,0.36,5.18,12.58,306,843,2.17,0,6.71
https://insights.blackcoffer.com/impact-of-covid-19-coronavirus-on-the-global-economy/,5,25,-0.67,0.09,9.4,0.27,3.87,9.4,88,329,1.97,0,6.56
https://insights.blackcoffer.com/ensuring-growth-through-insurance-technology/,0,1,-1.0,1.0,1.0,0.0,0.4,1.0,0,1,2.0,0,5.0
https://insights.blackcoffer.com/blockchain-in-fintech/,14,10,0.17,0.07,11.13,0.24,4.55,11.13,83,345,1.84,0,6.78
https://insights.blackcoffer.com/blockchain-for-payments/,26,26,0.0,0.11,10.15,0.3,4.18,10.15,144,487,2.02,6,6.78
https://insights.blackcoffer.com/the-future-of-investing/,40,11,0.57,0.08,12.73,0.3,5.21,12.73,190,624,2.1,1,6.72
https://insights.blackcoffer.com/big-data-analytics-in-healthcare/,30,43,-0.18,0.11,10.48,0.34,4.33,10.48,218,639,2.16,0,6.62
https://insights.blackcoffer.com/business-analytics-in-the-healthcare-industry/,27,3,0.8,0.1,13.9,0.39,5.72,13.9,114,292,2.32,0,7.32
https://insights.blackcoffer.com/challenges-and-opportunities-of-big-data-in-healthcare/,41,37,0.05,0.14,8.86,0.31,3.67,8.86,179,576,2.12,1,6.62
